void,0,1,2,3,4,5,6,7,8,9,10,11,12,13,14,15,16,17,18,19,20,21,22,23,24,25,26,27,28,29,30,31,32,33,34,35,36,37,38,39,40,41,42,43,44,45,46,47,48,49,50,51,52,53,54,55,56,57,58,59,60,61,62,63,64,65,66,67,68,69,70,71,72,73,74,75,76,77,78,79,80,81,82,83,84,85,86,87,88,89,90,91,92,93,94,95,96,97,98,99,100,101,102,103,104,105,106,107,108,109,110,111,112,113,114,115,116,117,118,119,120,121,122,123,124,125,126,127,128,129,130,131,132,133,134,135,136,137,138,139,140,141,142,143,144,145,146,147,148,149,150,151,152,153,154,155,156,157,158,159,160,161,162,163,164,165,166,167,168,169,170,171,172,173,174,175,176,177,178,179,180,181,182,183,184,185,186,187,188,189,190,191,192,193,194,195,196,197,198,199,200,201,202,203,204,205,206,207,208,209,210,211,212,213,214,215,216,217,218,219,220,221,222,223,224,225,226,227,228,229,230,231,232,233,234,235,236,237,238,239,240,241,242,243,244,245,246,247,248,249,250,251,252,253,254,255,256,257,258,259,260,261,262,263,264,265,266,267,268,269,270,271,272,273,274,275,276,277,278,279,280,281,282,283,284,285,286,287,288,289,290,291,292,293,294,295,296,297,298,299,300,301,302,303,304,305,306,307,308,309,310,311,312,313,314,315,316,317,318,319,320,321,322,323,324,325,326,327,328,329
0,0,1.005512582,1.000229771,0.996058252,0.994786717,0.994405095,0.994291126,0.994257241,1.004258615,0.997137904,0.992358495,0.99084686,0.990388658,0.990250357,0.990208835,0.999826727,0.99613178,0.991269877,0.989810008,0.98937688,0.989249041,0.98921151,1.005357302,0.999875255,0.995629959,0.994330617,0.993940184,0.993823438,0.993788688,1.003610763,0.998802273,0.994377749,0.993033923,0.992631928,0.992512276,0.992476832,1.000325863,0.995566818,0.99057151,0.989043914,0.988587691,0.988452119,0.988412055,1.000475607,0.996341278,0.991486722,0.990019742,0.989582999,0.989453654,0.989415551,1.00486555,0.998013952,0.993418436,0.991972519,0.991535127,0.991403349,0.99136385,1.002152897,0.997544743,0.992885737,0.991471231,0.991048608,0.990922988,0.990885839,1.004227889,0.997727129,0.993090622,0.991638526,0.991200253,0.991068518,0.991029126,1.00708696,1.000246721,0.996058863,0.994750056,0.994353859,0.994234431,0.994198595,1.003436371,0.998239116,0.993690045,0.992298446,0.991881073,0.991756523,0.991719538,1.003344694,0.997321332,0.992618616,0.991155402,0.990715005,0.990583027,0.990543682,1.0012093,0.996514327,0.991651024,0.990169525,0.989726519,0.989594754,0.98955577,1.001128445,0.996386579,0.991496517,0.990005388,0.989559348,0.989426635,0.98938736,1.00547076,0.99937553,0.995037144,0.993694301,0.9932896,0.993168188,0.993131936,1.006197443,0.999467973,0.995169664,0.993823517,0.993416842,0.993294449,0.99325779,1.006309794,0.999846434,0.995609457,0.994291063,0.993893142,0.993773543,0.993737763,1.006325055,0.999663603,0.995409045,0.994078549,0.993676828,0.993555992,0.993519816,1.003711354,0.998122907,0.993543715,0.992134078,0.991710335,0.991583586,0.991545861,1.001459931,0.996400654,0.991489656,0.989985255,0.989534131,0.989399584,0.98935967,1.003907549,0.998215841,0.993655698,0.992249857,0.991827057,0.99170052,0.991662838,1.001628218,0.996469894,0.991565721,0.990061504,0.98961011,0.989475387,0.989435392,1.00571346,0.999487104,0.995193711,0.993861409,0.993459969,0.993339521,0.993303551,1.00512527,0.999063503,0.994682463,0.993325636,0.992917059,0.992794571,0.992758025,1.003478299,0.997816331,0.993176298,0.991745498,0.991315201,0.991186437,0.991148099,1.001699582,0.996369199,0.991445051,0.989929273,0.989473974,0.989337931,0.989297501,1.001542139,0.996246438,0.991288312,0.989763625,0.989305565,0.989168701,0.989128028,1.005176033,0.999070833,0.994717363,0.993365041,0.992958088,0.9928361,0.992799709,1.003959469,0.998129843,0.993557941,0.992145032,0.99171989,0.991592575,0.991554639,1.003478828,0.997746239,0.993110586,0.991676197,0.991244894,0.991115788,0.991077339,1.001670656,0.996257206,0.991291962,0.989762663,0.989302797,0.989165274,0.98912437,1.001766676,0.996311327,0.991354942,0.989827709,0.989368351,0.989230945,0.989190065,1.003832741,0.99806019,0.993489343,0.992074733,0.991649368,0.991522022,0.99148409,1.006153511,0.999971639,0.99581372,0.994523551,0.994135479,0.994019181,0.993984489,1.00216067,0.996564736,0.991657489,0.990143023,0.989687218,0.989550778,0.989510155,1.005782952,0.999728122,0.995521808,0.99421782,0.993825809,0.993708396,0.993673393,1.005991153,0.999865174,0.995687796,0.99439271,0.994003292,0.993886638,0.993851855,1.003444943,0.997600417,0.992918611,0.991470235,0.991034252,0.99090366,0.990864743,1.001924527,0.996367778,0.991415494,0.989886513,0.989426264,0.98928847,0.989247438,1.005974402,0.999893724,0.995727459,0.994436578,0.994048592,0.993932412,0.993897784,1.00530773,0.999259137,0.994950962,0.993616204,0.993214825,0.993094614,0.993058782,1.00268436,0.996891333,0.99205175,0.990554448,0.990103473,0.989968355,0.989928086,1.005856835,0.999812007,0.995631435,0.994336696,0.993947645,0.993831178,0.993796474,1.004288423,0.998552264,0.994084608,0.99270377,0.992288767,0.992164569,0.992127584,1.001880012,0.996219152,0.991225664,0.989681936,0.989216799,0.989077427,0.989035892,1.004424298,0.998431149,0.993940416,0.992549026,0.992130384,0.99200498,0.991967601
1,0,0.990960245,0.98714826,0.982962589,0.981679853,0.981294696,0.981179667,0.981145467,0.989578517,0.983895561,0.979098534,0.977573303,0.977110781,0.976971171,0.976929256,0.985196019,0.982929495,0.978044277,0.976571191,0.976133984,0.976004936,0.975967051,0.990801866,0.986786991,0.982527157,0.981216355,0.980822303,0.980704471,0.980669397,0.989044711,0.985692475,0.981250672,0.97989491,0.979489176,0.979368408,0.979332633,0.985653007,0.982315676,0.977297233,0.975755756,0.975295215,0.975158356,0.975117911,0.985857648,0.983153692,0.978276642,0.976796423,0.976355576,0.976225011,0.976186548,0.990191756,0.984787168,0.980175357,0.978716474,0.978274966,0.978141943,0.978102072,0.98757126,0.984406205,0.979727401,0.978300247,0.977873677,0.97774688,0.977709382,0.989550108,0.984493362,0.979839624,0.978374477,0.977932074,0.977799093,0.977759328,0.992494637,0.987125162,0.98292519,0.981604851,0.981204973,0.981084431,0.98104826,0.988866862,0.985119933,0.980553027,0.979149052,0.978727794,0.978602079,0.978564749,0.988667838,0.98408423,0.979362958,0.977886558,0.977442007,0.97730878,0.977269063,0.98660727,0.983344325,0.97845941,0.976964592,0.976517433,0.976384428,0.976345077,0.986522087,0.98321084,0.978298974,0.976794429,0.976344204,0.976210243,0.976170598,0.990892811,0.986259612,0.981906635,0.980551917,0.980143454,0.980020909,0.979984318,0.991544119,0.986277056,0.981965112,0.980606982,0.980196497,0.980072954,0.980035949,0.991711166,0.986714584,0.982464397,0.98113435,0.980732725,0.980612009,0.980575894,0.991676217,0.986479263,0.982211387,0.98086906,0.980463579,0.980341607,0.980305092,0.989136233,0.984996857,0.980400116,0.978977943,0.978550254,0.978422319,0.978384241,0.986860418,0.983231904,0.978299447,0.976781532,0.976326181,0.976190369,0.97615008,0.989330112,0.985088426,0.980511047,0.979092708,0.97866597,0.97853825,0.978500215,0.987033214,0.983306428,0.978381033,0.976863318,0.976407697,0.976271708,0.976231337,0.99111447,0.986351191,0.982043683,0.98069958,0.980294401,0.980172826,0.98013652,0.990534416,0.985931383,0.981535216,0.980166357,0.979753975,0.979630341,0.979593453,0.988898041,0.984681893,0.980023837,0.978580294,0.978145985,0.978016015,0.977977319,0.987073255,0.983172991,0.978227549,0.976698122,0.976238545,0.976101219,0.976060408,0.986937052,0.983070428,0.978090764,0.976552374,0.976090019,0.975951868,0.975910812,0.990515298,0.985868288,0.981499684,0.980135276,0.979724503,0.979601365,0.979564631,0.989373717,0.984993114,0.980404019,0.978978539,0.978549432,0.978420925,0.978382634,0.988825131,0.984536901,0.979883029,0.978435756,0.978000398,0.977870074,0.977831262,0.987069823,0.98308564,0.978098999,0.976555968,0.976091793,0.975952977,0.975911688,0.987169833,0.983144371,0.97816675,0.976625813,0.976162153,0.976023457,0.975982192,0.989178924,0.984854049,0.980265635,0.978838335,0.978408973,0.978280425,0.978242135,0.99151727,0.986803135,0.982632071,0.981330447,0.980938747,0.980821358,0.98078634,0.987570475,0.983407164,0.978479358,0.97695133,0.976491262,0.976353541,0.976312536,0.991131062,0.986541331,0.98232118,0.981005577,0.980609894,0.980491377,0.980456045,0.991362639,0.986703295,0.982512531,0.981205949,0.980812893,0.980695145,0.980660035,0.988854944,0.984453812,0.979753814,0.978292521,0.977852467,0.977720651,0.977681369,0.987308902,0.983182533,0.978209132,0.976666409,0.976201842,0.97606275,0.976021332,0.991343261,0.986729451,0.982549815,0.981247473,0.980855861,0.980738591,0.980703637,0.990694769,0.986106548,0.981783733,0.980437117,0.98003199,0.979910653,0.979874485,0.988093798,0.983736784,0.978877527,0.977366838,0.976911647,0.976775261,0.976734614,0.991228213,0.986649365,0.982455239,0.981149002,0.980756315,0.980638756,0.980603725,0.989639333,0.98535613,0.980871823,0.979478625,0.979059727,0.978934359,0.978897025,0.987274934,0.983043075,0.978028313,0.976470725,0.976001229,0.975860546,0.975818621,0.989821143,0.985279777,0.980772707,0.979368929,0.978946378,0.978819799,0.978782069
2,0,0.95180047,0.950248811,0.945989462,0.944675216,0.944280533,0.94416266,0.944127615,0.95026455,0.946715865,0.941833391,0.94027007,0.939795929,0.939652813,0.939609846,0.946016798,0.945859473,0.940881081,0.939371341,0.938923235,0.938790972,0.938752143,0.951634851,0.949866939,0.945532037,0.944188992,0.943785181,0.943664432,0.94362849,0.949888354,0.948745177,0.94422273,0.942833529,0.942417736,0.942293974,0.942257313,0.946410955,0.945156498,0.940043408,0.9384634,0.937991318,0.937851031,0.937809573,0.946678929,0.946092391,0.941123142,0.939606114,0.939154277,0.939020458,0.938981038,0.950887424,0.94764942,0.942956179,0.94146097,0.941008398,0.940872044,0.940831174,0.948409621,0.947407737,0.942642314,0.941179821,0.940742648,0.940612701,0.940574271,0.950252221,0.947352097,0.942615294,0.941113645,0.940660157,0.940523845,0.940483085,0.953257179,0.950141118,0.945869923,0.944517034,0.944107215,0.943983677,0.943946607,0.949698772,0.948139681,0.943489878,0.942051199,0.941619475,0.941490638,0.941452382,0.949384476,0.946944142,0.942137364,0.940624165,0.940168478,0.940031915,0.939991203,0.94742785,0.946289461,0.941313165,0.939781193,0.939322884,0.939186564,0.939146233,0.947337843,0.946146166,0.941142351,0.939600387,0.93913893,0.939001628,0.938960994,0.951690574,0.94928242,0.944853228,0.943465081,0.94304647,0.942920881,0.942883382,0.952257225,0.949210139,0.944823852,0.943432079,0.943011349,0.942884723,0.942846796,0.952479651,0.949721732,0.945398399,0.944035533,0.943623922,0.943500205,0.943463193,0.952394807,0.949425116,0.945083855,0.943708305,0.943292711,0.943167698,0.943130272,0.949953368,0.947996047,0.943316384,0.941859021,0.941420692,0.941289576,0.941250552,0.947673316,0.946165279,0.941140943,0.939585274,0.939118558,0.938979358,0.938938064,0.950142425,0.948085488,0.943425823,0.94197239,0.941535035,0.941404138,0.941365158,0.947847231,0.946243654,0.941226732,0.939671276,0.939204286,0.939064904,0.939023527,0.951890846,0.949353439,0.944970979,0.943593687,0.94317843,0.943053833,0.943016625,0.951323585,0.948932619,0.944459106,0.943056424,0.942633785,0.942507076,0.942469272,0.949709813,0.947664037,0.942921715,0.941442411,0.940997288,0.940864083,0.940824424,0.947853731,0.94607045,0.941033166,0.939465634,0.938994564,0.938853807,0.938811976,0.947738031,0.945985961,0.940913672,0.93933698,0.938863073,0.938721472,0.938679391,0.951239129,0.948798751,0.944353286,0.942955054,0.942534032,0.942407822,0.942370172,0.950176166,0.947975704,0.943304261,0.941843484,0.941403693,0.941271987,0.941232744,0.949566774,0.947440828,0.942702627,0.941219368,0.94077313,0.94063955,0.940599769,0.947871146,0.946002205,0.940922985,0.939341539,0.938865766,0.938723482,0.938681162,0.947973701,0.946065577,0.940995679,0.93941639,0.938941147,0.938798986,0.938756692,0.949918421,0.947766833,0.943095721,0.94163296,0.941192873,0.941061116,0.94102187,0.952261557,0.949786291,0.945543346,0.944209577,0.94380813,0.94368782,0.943651932,0.948376808,0.946339721,0.941321084,0.939755056,0.9392835,0.939142342,0.939100315,0.95186368,0.949503874,0.945210371,0.943862235,0.943456696,0.943335228,0.943299016,0.952116511,0.949692698,0.945429505,0.94409066,0.943687826,0.943567149,0.943531167,0.94965501,0.947414837,0.942629858,0.94113232,0.940681295,0.940546194,0.940505934,0.948090861,0.946082921,0.941017425,0.939436271,0.938960087,0.938817518,0.938775065,0.952096192,0.949718617,0.945466729,0.944132228,0.943730874,0.943610688,0.943574865,0.951467141,0.949094389,0.944695891,0.943315992,0.942900784,0.942776428,0.942739361,0.948895136,0.946674874,0.941726748,0.940178516,0.939711962,0.939572173,0.939530512,0.951985142,0.949639693,0.945372911,0.944034417,0.943631963,0.943511479,0.943475578,0.95038205,0.948290098,0.943725534,0.942297778,0.941868431,0.941739936,0.941701671,0.948064153,0.945946239,0.940838618,0.939242226,0.938760989,0.93861679,0.938573817,0.950605855,0.94825202,0.943664791,0.942226251,0.941793173,0.941663442,0.941624773
3,0,0.967764736,0.971844355,0.967767834,0.966494971,0.966112157,0.965997806,0.965963806,0.966404785,0.968590573,0.963927238,0.962414125,0.961954541,0.961815787,0.961774128,0.961929075,0.967537124,0.962758747,0.961296882,0.960862386,0.960734112,0.960696451,0.96761345,0.971488478,0.967340506,0.966039836,0.965648196,0.965531062,0.965496194,0.965834916,0.970369418,0.966036625,0.964691276,0.964288035,0.964167983,0.964132419,0.962412482,0.966942355,0.962041813,0.960512289,0.960054649,0.959918621,0.959878421,0.962620256,0.967791609,0.963024863,0.961556015,0.961117919,0.960988141,0.960949909,0.967001457,0.969469174,0.964985958,0.963538556,0.963099813,0.962967596,0.962927964,0.964360568,0.969077084,0.964509274,0.96309312,0.962669202,0.962543167,0.962505893,0.966348455,0.969163174,0.964635823,0.963182161,0.962742527,0.96261035,0.962570824,0.96932029,0.971836669,0.967758911,0.966448916,0.966051496,0.96593167,0.965895713,0.965675338,0.969812261,0.965359453,0.963966362,0.963547721,0.963422761,0.963385654,0.965457258,0.968744498,0.964146759,0.962681888,0.96224012,0.962107698,0.962068219,0.963406651,0.968020119,0.963250208,0.961767003,0.96132266,0.961190465,0.961151352,0.963323814,0.967888181,0.96309215,0.961599312,0.961151928,0.961018784,0.960979378,0.967706659,0.970958529,0.966723845,0.965379675,0.964973731,0.964851917,0.964815543,0.968336189,0.970947505,0.966758628,0.965411081,0.965003117,0.964880307,0.964843521,0.96851525,0.971402695,0.967272365,0.965952672,0.965553509,0.965433508,0.965397606,0.968463284,0.971145588,0.966999573,0.965667683,0.965264683,0.965143433,0.965107132,0.965953596,0.969696285,0.96521731,0.963806222,0.963381202,0.963254038,0.963216189,0.96368218,0.967929794,0.963116089,0.961610064,0.961157604,0.961022625,0.960982581,0.966146717,0.969786852,0.965327792,0.963920512,0.963496434,0.963369483,0.963331677,0.963860366,0.968010218,0.96320426,0.961698451,0.961245726,0.961110571,0.961070447,0.967910077,0.971029317,0.966840546,0.965506877,0.965104182,0.964983327,0.964947235,0.967336442,0.970615523,0.96633802,0.9649798,0.96456996,0.964447062,0.964410393,0.965718823,0.969382955,0.964844207,0.963411943,0.962980355,0.962851173,0.962812709,0.963897932,0.967872,0.963047838,0.961530431,0.961073779,0.960937298,0.960896736,0.963772724,0.96778167,0.962923477,0.961397207,0.960937806,0.960800507,0.960759703,0.96728881,0.970519272,0.966269509,0.964915653,0.964507397,0.964384988,0.96434847,0.966188135,0.969687479,0.965218012,0.963803654,0.963377223,0.963249491,0.963211429,0.965622794,0.969210332,0.964676546,0.963240548,0.962807909,0.962678371,0.962639792,0.963913052,0.967804895,0.962940786,0.961409942,0.960948739,0.960810781,0.960769745,0.9640147,0.967865558,0.963010648,0.961481886,0.961021194,0.960883355,0.960842344,0.965971702,0.969523545,0.965054548,0.963638346,0.963211654,0.963083879,0.963045817,0.968276499,0.97144235,0.967387793,0.96609618,0.965706847,0.965590143,0.965555328,0.964415613,0.968129172,0.963324389,0.961808429,0.961351298,0.961214427,0.961173674,0.967888411,0.97117791,0.967074002,0.965768514,0.965375227,0.965257403,0.965222277,0.968122976,0.971343347,0.967268879,0.965972344,0.965581664,0.965464604,0.965429698,0.965678286,0.969154877,0.964576323,0.963126476,0.962689187,0.962558171,0.962519126,0.964154651,0.967904704,0.963054862,0.961524345,0.961062756,0.960924525,0.960883361,0.968099102,0.971364676,0.967300815,0.966008472,0.965619224,0.965502637,0.965467886,0.967470424,0.970760824,0.966555513,0.965219291,0.964816636,0.964696014,0.964660058,0.964935429,0.968455116,0.96371938,0.962220607,0.961768311,0.961632763,0.961592364,0.96798403,0.971284117,0.967205664,0.965909453,0.965519138,0.965402264,0.965367437,0.966423095,0.970018823,0.965652072,0.964269665,0.963853355,0.963728735,0.963691622,0.964132636,0.967777556,0.962887824,0.961342608,0.960876135,0.960736327,0.960694661,0.966618682,0.969954432,0.965567095,0.964174224,0.963754287,0.963628464,0.963590959
4,0,0.963105087,0.966423174,0.962316803,0.961032872,0.960646703,0.960531352,0.960497055,0.961744958,0.963148893,0.958447904,0.956921504,0.956457838,0.956317857,0.956275829,0.957262402,0.962080963,0.957266305,0.955791488,0.955353102,0.955223684,0.955185688,0.962954396,0.966065686,0.961886985,0.960574995,0.960179917,0.960061757,0.960026585,0.961174109,0.964937603,0.960572625,0.959215506,0.958808705,0.958687597,0.958651721,0.957747677,0.961484571,0.956545576,0.955002488,0.954540746,0.954403504,0.954362945,0.957956904,0.962340634,0.957537523,0.956055685,0.955613675,0.955482742,0.95544417,0.962339802,0.96403113,0.95951231,0.958052236,0.95760961,0.957476226,0.957436245,0.959700001,0.963637287,0.959034991,0.957606384,0.957178702,0.957051553,0.957013949,0.961685879,0.963722168,0.959158986,0.957692576,0.957249043,0.957115698,0.957075823,0.964660723,0.966415768,0.962306836,0.960985474,0.960584573,0.960463701,0.96042743,0.961016338,0.964378883,0.959892392,0.958487095,0.958064752,0.957938692,0.957901258,0.960794315,0.963300358,0.95866642,0.957188673,0.95674298,0.956609385,0.956569557,0.958747334,0.962574935,0.95776837,0.956272073,0.955823769,0.955690399,0.955650939,0.958664736,0.962442418,0.957609424,0.956103403,0.955652029,0.955517702,0.955477947,0.963046811,0.9655317,0.961264815,0.959908931,0.959499417,0.959376535,0.959339842,0.96367229,0.965516438,0.96129505,0.959935767,0.959524213,0.959400326,0.959363218,0.96385344,0.965976687,0.96181482,0.96048365,0.960080982,0.95995993,0.959923715,0.963798824,0.965715176,0.961537124,0.960193642,0.959787098,0.959664785,0.959628166,0.961295139,0.964262867,0.959749626,0.958326177,0.957897397,0.957769113,0.957730931,0.959025241,0.962486617,0.957635616,0.956116302,0.95565981,0.955523633,0.955483233,0.96148799,0.96435376,0.95986054,0.958440937,0.95801311,0.957885041,0.957846902,0.959203979,0.962568163,0.957724944,0.956205854,0.955749096,0.955612743,0.955572262,0.96324759,0.965600242,0.961379475,0.960034187,0.959627948,0.959506035,0.959469627,0.962675126,0.965185048,0.960874826,0.959504752,0.959091301,0.958967324,0.958930333,0.96106074,0.963948003,0.959374311,0.957929487,0.957494077,0.957363755,0.957324952,0.959240854,0.962428307,0.957566493,0.9560357,0.955574977,0.955437284,0.955396362,0.959117213,0.962339097,0.957443019,0.955903281,0.955439785,0.955301267,0.955260101,0.962623456,0.965083781,0.960801301,0.959435624,0.959023766,0.958900281,0.958863442,0.961528942,0.96425336,0.959749469,0.958322723,0.957892521,0.957763663,0.957725266,0.960961298,0.963770493,0.95920154,0.95775294,0.957316464,0.957185781,0.957146861,0.959258347,0.962363363,0.957461259,0.95591691,0.955451598,0.955312415,0.955271016,0.959360157,0.962424613,0.957531783,0.955989537,0.955524742,0.95538568,0.955344305,0.961309447,0.964084878,0.959581325,0.958152709,0.957722237,0.957593335,0.957554937,0.963609206,0.966010782,0.961925366,0.960622513,0.960229757,0.960112031,0.960076911,0.959760914,0.962689829,0.957847532,0.956318217,0.955857019,0.955718936,0.955677821,0.963220984,0.9657444,0.96160922,0.960292359,0.95989561,0.959776753,0.959741318,0.963455989,0.965911507,0.961806032,0.960498209,0.960104093,0.959986007,0.959950795,0.961020339,0.963718759,0.959104678,0.957642109,0.957200945,0.957068772,0.957029383,0.959499914,0.962463725,0.95757593,0.956031919,0.955566218,0.955426761,0.955385233,0.963431597,0.965932409,0.961837655,0.96053406,0.960141388,0.96002378,0.959988724,0.962805738,0.965327799,0.961090304,0.959742424,0.959336222,0.95921454,0.959178269,0.96028,0.963017194,0.958244462,0.956732506,0.956276191,0.956139444,0.956098687,0.963316623,0.965851459,0.961741991,0.960434491,0.960040742,0.959922843,0.959887711,0.961759593,0.964581908,0.960181647,0.958787143,0.958367152,0.958241434,0.958203994,0.959479367,0.96233741,0.957409305,0.955850462,0.955379834,0.955238785,0.95519675,0.961957104,0.964519632,0.960098428,0.958693371,0.958269722,0.958142791,0.958104956
5,0,0.944004617,0.9530049,0.948934664,0.947649933,0.947262915,0.9471473,0.947112923,0.942515914,0.949460918,0.944807205,0.943279097,0.942814154,0.942673771,0.942631621,0.93777009,0.948184919,0.943404286,0.941927561,0.94148794,0.941358142,0.941320033,0.943869652,0.952654432,0.94851344,0.947200636,0.94680469,0.94668626,0.946651006,0.941977844,0.951402012,0.947073106,0.945714926,0.945307177,0.945185774,0.945149809,0.938246976,0.947533018,0.942632947,0.941087682,0.940624562,0.940486894,0.940446208,0.938522009,0.948508114,0.943740967,0.942257357,0.941814141,0.941682836,0.941644152,0.943111155,0.950361373,0.945887226,0.944425555,0.943981721,0.943847959,0.943807863,0.940420589,0.949994324,0.945429007,0.943999079,0.943570344,0.943442867,0.943405165,0.94240089,0.949993527,0.945473683,0.944005561,0.943560789,0.943427057,0.943387065,0.945670578,0.953063893,0.948997973,0.947675807,0.947274009,0.947152854,0.947116497,0.941847421,0.95085597,0.946408411,0.945002034,0.944578708,0.944452341,0.944414814,0.941443373,0.949506605,0.944914372,0.943434793,0.942987828,0.942853838,0.942813891,0.939402413,0.948839235,0.944071382,0.942573509,0.942124042,0.94199031,0.941950742,0.939311206,0.948693334,0.943899389,0.942391751,0.941939196,0.941804501,0.941764636,0.943991437,0.952119473,0.947893777,0.946536999,0.946126561,0.946003389,0.945966608,0.94450977,0.951945022,0.947765879,0.946405299,0.945992675,0.945868453,0.945831243,0.944802319,0.952556596,0.948436434,0.947104331,0.946700727,0.946579382,0.946543077,0.944642808,0.952155805,0.948019464,0.946674726,0.946267133,0.946144492,0.946107773,0.942158845,0.950760959,0.946288666,0.944864143,0.944434368,0.944305772,0.944267495,0.939727777,0.948795211,0.943984978,0.942464156,0.942006505,0.941869965,0.941829457,0.94235984,0.950857706,0.946405719,0.944985047,0.944556225,0.944427845,0.944389611,0.939932591,0.948905302,0.944103344,0.942582807,0.942124908,0.941988197,0.941947609,0.944154181,0.95213343,0.947953777,0.946607469,0.946200267,0.946078051,0.946041552,0.943572354,0.951710241,0.947441244,0.946070137,0.945655711,0.94553143,0.945494347,0.941912156,0.950424324,0.945892349,0.944446389,0.944009954,0.943879311,0.943840411,0.939916468,0.948692903,0.943872493,0.942340046,0.941878106,0.941740034,0.941698997,0.939839431,0.948660946,0.943806951,0.942265703,0.941801033,0.941662148,0.941620872,0.943354881,0.95140578,0.947162901,0.945795738,0.94538276,0.945258927,0.945221983,0.942388102,0.950733906,0.946271839,0.94484396,0.944412736,0.944283559,0.944245066,0.941648277,0.9500437,0.945514941,0.944064712,0.943627049,0.943495997,0.943456965,0.94001102,0.948717195,0.943857884,0.94231209,0.94184562,0.941706075,0.941664566,0.940128619,0.948796163,0.943946349,0.942402701,0.941936761,0.94179734,0.941755857,0.942009474,0.950375045,0.945911352,0.944481154,0.944049517,0.943920252,0.943881745,0.944408655,0.952419353,0.948373021,0.947068917,0.946675139,0.946557094,0.946521879,0.940564618,0.94909983,0.944300961,0.94277033,0.942308019,0.942169585,0.942128365,0.943969918,0.952095765,0.947999058,0.946680819,0.946283005,0.946163816,0.946128282,0.944256636,0.952323129,0.948256797,0.946947736,0.946552601,0.946434198,0.946398891,0.941854693,0.950163619,0.945592242,0.944128448,0.943686219,0.943553714,0.943514224,0.940256566,0.948816756,0.943971915,0.942426428,0.941959557,0.941819732,0.941778093,0.944214935,0.952325642,0.94826967,0.946964807,0.946571109,0.946453182,0.94641803,0.943614411,0.951747353,0.947549985,0.946200869,0.945793636,0.945671634,0.945635266,0.941105462,0.949447212,0.944718248,0.943205015,0.942747602,0.94261051,0.942569649,0.944092516,0.952236844,0.948166149,0.946857368,0.946462589,0.94634437,0.946309141,0.942483972,0.95090758,0.946546318,0.945150333,0.944729221,0.944603155,0.94456561,0.940278326,0.94873501,0.943850996,0.942290773,0.941818997,0.941677587,0.941635443,0.942766975,0.95093592,0.946556234,0.94514991,0.944725202,0.944597941,0.944560005
6,0,0.981871321,0.990864764,0.986739147,0.985494257,0.985118896,0.985006784,0.984973448,0.980302067,0.987549187,0.982860943,0.981381184,0.980930825,0.980794863,0.98075404,0.975971006,0.986678481,0.981865559,0.98043616,0.980010433,0.979884754,0.979847854,0.981714863,0.990517282,0.98632292,0.985050834,0.984666845,0.984552012,0.984517828,0.979939121,0.989447636,0.985071152,0.983755451,0.98336016,0.983242487,0.983207626,0.976371174,0.986030607,0.981103318,0.979607776,0.979159431,0.979026172,0.978986788,0.976670853,0.986928586,0.98212823,0.980691965,0.980262698,0.980135542,0.98009808,0.980906124,0.988401366,0.983887125,0.982471564,0.982041554,0.981911978,0.981873136,0.978452572,0.988196195,0.983590528,0.982205668,0.981790202,0.98166669,0.98163016,0.980253946,0.988110368,0.983551988,0.982130348,0.981699485,0.981569954,0.981531218,0.983338009,0.990771942,0.986651413,0.985370112,0.984980441,0.984862964,0.984827711,0.979772271,0.98890263,0.984410891,0.983048504,0.982638162,0.98251569,0.98247932,0.979374582,0.987721834,0.983093189,0.981660648,0.981227724,0.981097961,0.981059273,0.977474076,0.987159395,0.982357611,0.980907265,0.980471867,0.980342339,0.980304014,0.977385174,0.987027392,0.982200394,0.980740639,0.980302272,0.980171818,0.980133207,0.981764485,0.989964229,0.985688318,0.98437366,0.983975687,0.983856276,0.983820618,0.982259922,0.989839808,0.985611411,0.984293432,0.983893481,0.983773095,0.983737034,0.982527062,0.990349971,0.986177298,0.984886542,0.984495185,0.984377543,0.984342346,0.982391684,0.990034471,0.985847583,0.984544913,0.984149814,0.984030953,0.983995366,0.980035493,0.988773158,0.984257603,0.98287759,0.982461003,0.982336373,0.982299276,0.977754279,0.987073918,0.982230704,0.980758036,0.980314695,0.980182443,0.980143206,0.980221271,0.988852467,0.984356758,0.982980452,0.982564782,0.982440359,0.982403303,0.977938852,0.987155208,0.982319846,0.980847373,0.980403767,0.980271342,0.980232025,0.981922538,0.989990999,0.985760771,0.984456364,0.984061565,0.983943093,0.983907711,0.981369391,0.989610551,0.985293253,0.983964856,0.983563081,0.983442613,0.983406668,0.979793228,0.988463042,0.983889717,0.982489,0.982065998,0.981939394,0.981901697,0.977930076,0.98698685,0.98213443,0.980650646,0.980203209,0.980069489,0.980029745,0.977841309,0.986927669,0.982041928,0.980549472,0.980099345,0.979964825,0.979924845,0.981210936,0.989435736,0.985145751,0.983821682,0.983421475,0.983301491,0.983265695,0.980243463,0.988736748,0.984231666,0.98284842,0.982430447,0.982305259,0.982267953,0.979587228,0.988217863,0.983649637,0.982245347,0.981821341,0.981694397,0.981656589,0.977990035,0.986955139,0.982064017,0.980567075,0.980115181,0.979980014,0.979939807,0.978096447,0.987015891,0.982133886,0.980638965,0.980187566,0.980052513,0.98001233,0.979931697,0.988515985,0.984010959,0.98262601,0.98220781,0.982082588,0.982045285,0.982210703,0.990326357,0.986227128,0.984963863,0.984582135,0.984467724,0.984433592,0.978500217,0.987267223,0.982434603,0.980952147,0.980504213,0.980370103,0.980330169,0.981808158,0.990066795,0.985918845,0.984642055,0.984256475,0.984140973,0.984106537,0.982066878,0.990237252,0.9861185,0.984850415,0.984467371,0.984352611,0.98431839,0.979732394,0.988220923,0.983609773,0.982191841,0.981763263,0.981634866,0.9815966,0.978216233,0.987041782,0.982164881,0.980668269,0.980215996,0.980080562,0.98004023,0.982035961,0.99025267,0.986144131,0.98488015,0.984498508,0.984384213,0.984350143,0.981445066,0.989698358,0.985451884,0.984144979,0.983750231,0.983631989,0.983596741,0.979007958,0.987564872,0.98280035,0.981334638,0.98089141,0.980758587,0.980718998,0.981922765,0.990175784,0.986052954,0.984785188,0.984402503,0.984287927,0.984253783,0.980385944,0.988997915,0.984592228,0.983240319,0.982832262,0.982710123,0.982673748,0.978215136,0.986932598,0.982017252,0.980506256,0.980049205,0.979912227,0.979871403,0.980623666,0.98894527,0.984521221,0.983158936,0.9827473,0.982623976,0.982587213
7,0,0.983927394,0.996208108,0.992044987,0.990829908,0.990462417,0.990352677,0.990320045,0.982281523,0.992924817,0.988216846,0.98677243,0.986331715,0.986198682,0.986158736,0.977145658,0.99121202,0.986372134,0.984975808,0.984558877,0.984435811,0.984399676,0.983761939,0.995861973,0.991632185,0.990390528,0.990014607,0.989902207,0.989868746,0.981710762,0.994531189,0.990121387,0.98883681,0.98844977,0.988334573,0.988300444,0.977683774,0.990735563,0.985787041,0.984326328,0.983887361,0.983756903,0.983718345,0.97798539,0.991602152,0.986775872,0.985372995,0.984952641,0.984828141,0.98479146,0.982935409,0.993805107,0.989266302,0.987884633,0.987463803,0.987337011,0.987299001,0.980029243,0.993108853,0.988474374,0.987122002,0.986715199,0.986594279,0.986558514,0.982177336,0.993410278,0.988827313,0.987439582,0.987017886,0.986891129,0.98685322,0.985657908,0.996406043,0.992252155,0.991001856,0.990620478,0.990505524,0.990471025,0.981552052,0.994010219,0.989488888,0.988158705,0.987756963,0.987637077,0.987601472,0.981162899,0.99288848,0.988235445,0.986836897,0.986413145,0.986286149,0.986248284,0.978953475,0.991998675,0.987172709,0.985756254,0.985329952,0.985203146,0.985165625,0.978861199,0.991867084,0.987016603,0.985590956,0.985161754,0.985034043,0.984996242,0.983828691,0.995347228,0.99103946,0.989756261,0.989366695,0.989249826,0.989214926,0.984424266,0.995345995,0.991086145,0.989799932,0.989408495,0.989290692,0.989255402,0.984693891,0.995835658,0.991629768,0.990370072,0.989987009,0.989871881,0.989837434,0.984559583,0.995539014,0.991319548,0.990048291,0.989661593,0.98954528,0.989510454,0.981865119,0.993937529,0.989394111,0.988046768,0.987638944,0.987516954,0.98748064,0.979312362,0.991997154,0.987131814,0.985693638,0.985259597,0.985130135,0.985091724,0.98207455,0.994040235,0.989516527,0.988172838,0.987765917,0.987644132,0.987607859,0.979527003,0.992107059,0.98724972,0.985811762,0.985377469,0.98524784,0.985209352,0.98398479,0.995376005,0.991113231,0.98984008,0.989453626,0.989337678,0.989303048,0.983359373,0.994926943,0.990578649,0.989281959,0.988888663,0.988770758,0.988735575,0.981596169,0.993607267,0.989007636,0.987640035,0.987225935,0.987102014,0.987065114,0.979552242,0.991984665,0.987111004,0.985662093,0.985224081,0.985093194,0.98505429,0.979446262,0.991903918,0.986997717,0.985540269,0.985099614,0.984967939,0.984928803,0.983212801,0.994784022,0.990462064,0.989169738,0.988778008,0.988660586,0.988625552,0.982095588,0.993927251,0.989394823,0.988044361,0.987635194,0.987512661,0.987476145,0.981416004,0.993410951,0.988816,0.987445073,0.987030033,0.986905792,0.986868787,0.979624463,0.991960225,0.987049161,0.985587356,0.98514498,0.985012676,0.984973318,0.979742127,0.992030367,0.987128374,0.985668549,0.985226658,0.985094466,0.985055132,0.981799824,0.993743901,0.989210799,0.98785882,0.987449466,0.987326911,0.9872904,0.984280234,0.995720612,0.991585511,0.990352642,0.989978981,0.989867009,0.989833603,0.980187489,0.992317738,0.987464509,0.986016901,0.985578405,0.985447137,0.985408047,0.983847467,0.995439318,0.991256052,0.990009963,0.989632535,0.989519496,0.989485793,0.984105642,0.995599837,0.991445575,0.990207949,0.989832991,0.989720675,0.98968718,0.981531253,0.993367101,0.988731108,0.987346687,0.986927141,0.986801468,0.986764012,0.979912329,0.992112347,0.987215487,0.98575411,0.985311388,0.98517883,0.985139352,0.984064476,0.995605188,0.991460753,0.990227134,0.989853545,0.989741682,0.989708335,0.983403805,0.994985404,0.990706258,0.989430575,0.989044149,0.988928419,0.988893919,0.980748693,0.992663928,0.987877909,0.986446723,0.986012842,0.985882837,0.985844085,0.983930141,0.995507533,0.991349061,0.990111716,0.989737102,0.989624962,0.989591543,0.982299424,0.994262764,0.989826575,0.988506935,0.988107504,0.987987967,0.987952364,0.979917733,0.992008846,0.987074853,0.9855994,0.985152006,0.985017937,0.984977978,0.982498265,0.994157793,0.98970506,0.988375134,0.987972174,0.987851468,0.987815484
8,0,0.969115043,0.980291664,0.976149166,0.974902796,0.974527081,0.974414861,0.974381494,0.967553747,0.977022799,0.97232329,0.970842101,0.970391391,0.970255321,0.970214465,0.964400478,0.977294164,0.972467238,0.971038014,0.97061243,0.970486792,0.970449904,0.968969435,0.979957094,0.975746431,0.974472866,0.974088523,0.973973582,0.973939366,0.967576181,0.979266081,0.974873524,0.973556822,0.973161322,0.973043585,0.973008705,0.964573328,0.976436717,0.971497359,0.970001772,0.969553501,0.969420261,0.969380882,0.964916887,0.977362532,0.972548213,0.971111861,0.970682658,0.97055552,0.970518063,0.968087396,0.977800528,0.973273859,0.971856777,0.971426392,0.9712967,0.971257823,0.96635736,0.978284317,0.97366366,0.972278175,0.971862614,0.971739071,0.971702532,0.967581842,0.977654625,0.973083697,0.971660743,0.971229568,0.971099941,0.971061176,0.970168614,0.979804317,0.975669208,0.974385926,0.973995741,0.973878108,0.973842807,0.967398049,0.978712891,0.974206092,0.972842687,0.972432129,0.972309591,0.9722732,0.966896911,0.977457857,0.972816466,0.971382884,0.970949733,0.970819899,0.970781191,0.965507617,0.977382143,0.972566581,0.971115838,0.970680411,0.970550872,0.970512544,0.965421528,0.977254428,0.972413839,0.970953702,0.97051531,0.970384846,0.970346232,0.968969826,0.979360979,0.975070237,0.973754028,0.973355675,0.973236149,0.973200456,0.969254251,0.979047329,0.974805163,0.973485442,0.973085051,0.972964531,0.972928429,0.969561646,0.979582752,0.975395519,0.974103029,0.973711236,0.973593461,0.973558224,0.969381203,0.979235796,0.975034931,0.973730519,0.97333498,0.973215985,0.973180358,0.967584332,0.978508318,0.973978354,0.972597214,0.972180378,0.972055671,0.972018551,0.965686653,0.97719718,0.97234058,0.970867373,0.97042396,0.970291684,0.97025244,0.967732279,0.978550342,0.974040302,0.97266282,0.972246884,0.972122379,0.972085299,0.965833283,0.977239589,0.972390847,0.970917773,0.970474074,0.970341619,0.970302294,0.969100552,0.979364144,0.975119432,0.97381346,0.973418277,0.973299688,0.97326427,0.968661098,0.979093821,0.97476211,0.973432271,0.97303015,0.972909577,0.9728736,0.967376218,0.978232436,0.973645112,0.972243312,0.971820073,0.971693396,0.971655677,0.965756901,0.977014224,0.972148706,0.970664275,0.97021673,0.970082976,0.970043222,0.965711729,0.976991746,0.972092939,0.970599867,0.970149643,0.970015091,0.969975102,0.968430132,0.978868897,0.97456468,0.973239179,0.972838629,0.97271854,0.972682713,0.967744311,0.978425061,0.973906,0.972521563,0.97210332,0.971978048,0.971940718,0.967082178,0.97792409,0.973342048,0.971936673,0.971512428,0.971385411,0.971347581,0.96582515,0.976982681,0.972078562,0.970580943,0.970128933,0.969993729,0.969953511,0.965917759,0.977028124,0.972133118,0.970637489,0.970185965,0.970050873,0.970010677,0.967367493,0.978164022,0.973644963,0.972258852,0.971840391,0.971715089,0.971677762,0.969329374,0.979651051,0.975537222,0.974272392,0.973890282,0.973775754,0.973741587,0.966262091,0.977217015,0.972371341,0.97088807,0.970439977,0.970305816,0.970265868,0.968965789,0.979436685,0.975274069,0.973995784,0.973609843,0.973494231,0.973459762,0.969232318,0.979605294,0.975471976,0.974202369,0.973818955,0.973704082,0.973669827,0.967310296,0.977985375,0.973360727,0.971941702,0.971512882,0.97138441,0.971346122,0.965961282,0.976985555,0.972095598,0.970598203,0.970145781,0.9700103,0.969969953,0.969210935,0.979631111,0.975507961,0.974242477,0.97386047,0.973746064,0.973711961,0.968741033,0.979189528,0.974928796,0.973620486,0.973225402,0.973107058,0.973071779,0.966684976,0.977428239,0.97265066,0.971183995,0.970740566,0.970607681,0.970568073,0.969127587,0.97958267,0.975445265,0.974176026,0.973792987,0.973678303,0.973644127,0.967756632,0.978581853,0.974161675,0.972808527,0.972400186,0.97227796,0.972241559,0.965963617,0.976875174,0.971946991,0.970435192,0.969977986,0.969840959,0.96980012,0.968059762,0.978571192,0.974133359,0.972769811,0.972357882,0.972234467,0.972197678
9,0,0.95649419,0.966899931,0.962748699,0.961484291,0.961103189,0.960989357,0.960955511,0.954929769,0.963511124,0.95879292,0.957289826,0.956832444,0.956694359,0.956652899,0.951402357,0.963420463,0.958574708,0.957123778,0.956691751,0.956564209,0.956526763,0.956349462,0.966556825,0.962336345,0.961044327,0.960654459,0.960537863,0.960503155,0.954834405,0.965721498,0.961316659,0.959980617,0.959579348,0.959459891,0.959424502,0.95164136,0.962596923,0.957636222,0.956117898,0.955662813,0.955527548,0.955487571,0.951975241,0.963551429,0.958718433,0.957260393,0.956824728,0.956695674,0.956657653,0.955481784,0.964329311,0.959786754,0.958348823,0.957912112,0.957780513,0.957741064,0.953530248,0.964623564,0.959987235,0.958581157,0.958159447,0.958034075,0.957996995,0.954926705,0.964127903,0.959540537,0.95809654,0.957658996,0.957527453,0.957488115,0.957689244,0.966533811,0.962389146,0.961087438,0.960691685,0.96057237,0.960536565,0.954665218,0.965162649,0.960641701,0.959258244,0.958841679,0.958717345,0.958680422,0.954176067,0.963858961,0.959200302,0.957745386,0.957305795,0.957174031,0.957134746,0.952635737,0.963647404,0.958813103,0.957340608,0.956898669,0.956767193,0.956728291,0.952547698,0.963513325,0.95865358,0.957171528,0.956726572,0.956594154,0.956554962,0.95637534,0.965965991,0.961663773,0.960328469,0.959924369,0.959803115,0.959766907,0.956709599,0.965674466,0.96142079,0.960081872,0.959675679,0.95955341,0.959516785,0.957018891,0.96624024,0.962042702,0.96073153,0.960334106,0.960214636,0.960178891,0.956838879,0.965870946,0.961659207,0.960335844,0.959934583,0.959813863,0.95977772,0.95488048,0.964981652,0.960436948,0.959035526,0.958612594,0.958486062,0.958448399,0.952849361,0.963494613,0.958618582,0.957123342,0.956673311,0.95653906,0.95649923,0.95504114,0.965037195,0.960512626,0.959114937,0.958692925,0.9585666,0.958528978,0.953010431,0.963554435,0.958686376,0.957191309,0.956741001,0.956606571,0.956566661,0.956512346,0.965969633,0.961713804,0.960388867,0.959987975,0.95986767,0.959831741,0.956038595,0.965660174,0.96131621,0.959966997,0.959559046,0.959436722,0.959400223,0.954662094,0.964687579,0.960084574,0.958662146,0.958232699,0.958104163,0.958065891,0.952945567,0.96332625,0.958440971,0.956934323,0.956480091,0.956344337,0.956303989,0.952894369,0.963303723,0.958384789,0.956869399,0.956412456,0.956275895,0.956235309,0.955804781,0.965405414,0.961089042,0.959744092,0.959337688,0.959215842,0.959179491,0.955056268,0.964910167,0.960376258,0.9589715,0.95854714,0.958420035,0.958382158,0.954368707,0.964349826,0.959751896,0.958325683,0.957895165,0.957766267,0.957727878,0.953022224,0.963311098,0.958386769,0.956866801,0.956408057,0.956270837,0.95623002,0.953121323,0.963365703,0.958450614,0.956932691,0.956474448,0.956337344,0.956296551,0.954672795,0.964614451,0.96008042,0.958673806,0.958249174,0.958122022,0.958084144,0.956744891,0.966254767,0.962131433,0.960848197,0.960460556,0.960344368,0.960309707,0.953488847,0.963585469,0.95872037,0.957215065,0.956760328,0.956624177,0.956583636,0.956361303,0.966009565,0.961836825,0.960539864,0.960148313,0.960031017,0.959996047,0.956635043,0.966197059,0.962053968,0.960765874,0.960376908,0.96026037,0.960225618,0.954597154,0.96443386,0.959792766,0.958352833,0.957917712,0.957787351,0.9577485,0.953183715,0.96333605,0.958426068,0.956906349,0.956447193,0.956309694,0.956268747,0.956608491,0.966217008,0.962084221,0.960800298,0.960412757,0.96029669,0.960262093,0.956107758,0.965739903,0.961467634,0.960140218,0.959739391,0.959619324,0.959583532,0.953940863,0.963832337,0.959036173,0.957547798,0.957097818,0.956962968,0.956922775,0.956515746,0.966158436,0.962011187,0.96072344,0.960334846,0.960218496,0.960183824,0.955083569,0.965064786,0.960631152,0.959258057,0.95884372,0.958719697,0.958682761,0.953191661,0.963233154,0.958284389,0.956750079,0.956286074,0.956147009,0.956105562,0.955386041,0.96506954,0.9606177,0.959234149,0.958816198,0.958690977,0.95865365
10,0,0.938259984,0.94711235,0.942969084,0.941676667,0.941287126,0.941170767,0.941136169,0.936740028,0.9435661,0.938837143,0.93729988,0.936831996,0.936690734,0.93664832,0.932428143,0.942702227,0.937847091,0.936362012,0.935919742,0.935789172,0.935750836,0.938120713,0.94675878,0.942544347,0.941223667,0.940825144,0.940705952,0.940670471,0.936361918,0.945638069,0.941235269,0.939869074,0.939458727,0.93933656,0.939300368,0.932819363,0.941976673,0.937001507,0.935447422,0.934981512,0.934843024,0.934802095,0.933115839,0.942960611,0.938118533,0.936626428,0.936180511,0.936048415,0.936009499,0.937321739,0.944451497,0.939903044,0.938432628,0.93798597,0.937851366,0.937811018,0.934893034,0.944320429,0.939680359,0.938242071,0.937810653,0.937682388,0.937644453,0.936666569,0.944138263,0.939544133,0.9380673,0.937619722,0.937485156,0.937444915,0.939757942,0.947016925,0.942877823,0.941547582,0.941143131,0.941021186,0.940984592,0.936216555,0.945078749,0.940556552,0.939141825,0.938715804,0.938588642,0.938550879,0.935782277,0.943722813,0.939056165,0.937567894,0.93711814,0.936983322,0.936943129,0.933917615,0.943211973,0.938368556,0.93686197,0.936409726,0.936275178,0.936235368,0.933827419,0.943068051,0.938198433,0.936682028,0.936226681,0.936091164,0.936051056,0.938207623,0.946194814,0.941895347,0.940530383,0.940117277,0.939993314,0.939956297,0.938661411,0.945973409,0.941721348,0.940352598,0.939937309,0.939812294,0.939774847,0.938959756,0.94657906,0.942385817,0.941045658,0.94063942,0.940517292,0.940480753,0.938793268,0.946182193,0.941973173,0.940620365,0.940210136,0.940086711,0.940049758,0.936493661,0.944951304,0.940404157,0.938971127,0.938538607,0.938409199,0.938370681,0.934203141,0.943128416,0.938242089,0.936712347,0.936251852,0.936114473,0.936073716,0.936680457,0.945034609,0.940507873,0.939078705,0.93864714,0.938517948,0.938479472,0.934392495,0.943222287,0.938344152,0.936814667,0.936353912,0.936216359,0.936175521,0.938361473,0.946204537,0.941951688,0.940597285,0.940187444,0.940064446,0.940027713,0.937817535,0.945816442,0.941473739,0.9400944,0.9396773,0.939552226,0.939514906,0.936256825,0.944625132,0.940018039,0.938563446,0.938124232,0.937992765,0.937953621,0.934359394,0.943000233,0.938103762,0.936562326,0.936097519,0.935958598,0.93591731,0.934291272,0.942972085,0.93804162,0.936491295,0.936023731,0.935883991,0.93584246,0.937594805,0.945522743,0.941207005,0.939831754,0.939416147,0.939291534,0.939254359,0.93670409,0.944907772,0.940371,0.938934581,0.938500602,0.938370609,0.938331872,0.935983088,0.944251691,0.939648516,0.938189752,0.93774934,0.937617475,0.937578201,0.934447489,0.943012046,0.938076088,0.936521155,0.93605177,0.935911363,0.935869597,0.934558575,0.943083626,0.938157152,0.936604361,0.936135504,0.93599522,0.93595348,0.936324252,0.944563688,0.940025904,0.938587281,0.938152925,0.938022855,0.937984108,0.938608483,0.946492194,0.942373974,0.94106212,0.940665806,0.94054701,0.940511571,0.934970527,0.943361954,0.93848658,0.936946842,0.936481622,0.936342326,0.936300849,0.938189191,0.946191399,0.942022668,0.940696636,0.940296276,0.940176334,0.940140575,0.938471158,0.946408598,0.94227026,0.940953418,0.94055574,0.940436584,0.940401053,0.936196797,0.944363356,0.939716727,0.938244187,0.937799147,0.937665808,0.937626069,0.934663767,0.94308611,0.938164666,0.936610031,0.936140239,0.935999549,0.935957652,0.938434732,0.94641708,0.942289234,0.940976631,0.940580403,0.940461728,0.940426353,0.937869126,0.945868048,0.941597838,0.940240687,0.939830842,0.939708066,0.939671468,0.935480279,0.943678516,0.938873377,0.937351107,0.936890801,0.936752851,0.936711734,0.938322649,0.946337851,0.942195223,0.940878683,0.940481369,0.940362401,0.940326948,0.936776304,0.945073988,0.940639148,0.939234935,0.938811159,0.938684304,0.938646525,0.934680747,0.9429966,0.938035575,0.936466072,0.935991334,0.935849047,0.93580664,0.937065785,0.945096663,0.940643002,0.939228288,0.938800869,0.938672804,0.938634629
11,0,0.9504674,0.959342927,0.955288855,0.954010714,0.953625629,0.953510589,0.953476383,0.948928075,0.955771332,0.95113572,0.949615467,0.949152846,0.949013161,0.94897122,0.942382834,0.952680649,0.947911815,0.946440019,0.946001804,0.945872419,0.945834432,0.950323653,0.958985884,0.954861305,0.953555231,0.953161262,0.95304342,0.953008341,0.947847078,0.957151958,0.952838225,0.951486242,0.951080297,0.95095943,0.950923623,0.943207459,0.952384957,0.94749826,0.945958712,0.94549724,0.94536006,0.945319517,0.943457089,0.953329121,0.948575036,0.947096855,0.9466552,0.946524355,0.946485807,0.949599119,0.956742533,0.952286003,0.950831935,0.950390345,0.950257257,0.950217362,0.945902241,0.955360797,0.950810071,0.949386139,0.948959142,0.94883218,0.94879463,0.948661982,0.956148127,0.951645268,0.950184458,0.949741836,0.949608748,0.949568949,0.952712086,0.959983711,0.955935588,0.954620967,0.954221405,0.954100923,0.954064767,0.947757573,0.956650395,0.952218572,0.950818681,0.950397249,0.950271445,0.950234085,0.947421604,0.955378444,0.95080247,0.949329849,0.948884923,0.948751541,0.948711774,0.944719494,0.954045428,0.949292185,0.947800365,0.947352652,0.94721944,0.947180025,0.94462928,0.953901313,0.949122063,0.947620522,0.947169734,0.947035563,0.946995852,0.95048198,0.958491379,0.954282441,0.952932684,0.952524313,0.952401758,0.952365162,0.951228619,0.958548437,0.9543864,0.953033177,0.952622726,0.952499156,0.952462141,0.951496303,0.959130604,0.955027312,0.953702364,0.953300872,0.95318016,0.953144044,0.951356178,0.958752306,0.954632855,0.953295377,0.952889926,0.952767928,0.952731401,0.948178574,0.956666602,0.952210486,0.950792692,0.950364888,0.950236879,0.950198777,0.945239243,0.95419837,0.949403678,0.947889301,0.947433525,0.947297542,0.947257199,0.948424799,0.956808447,0.952372699,0.950958802,0.950531965,0.950404177,0.950366119,0.945508574,0.954373125,0.949586943,0.948072946,0.947616952,0.947480808,0.947440387,0.950616858,0.958477433,0.954314128,0.952974751,0.952569589,0.952447983,0.952411666,0.949892543,0.957913309,0.953660597,0.952296363,0.951883957,0.951760279,0.951723375,0.947882409,0.956282056,0.951766291,0.950327097,0.949892644,0.949762591,0.949723866,0.945594562,0.954265393,0.949461196,0.947935502,0.947475533,0.947338047,0.947297184,0.945477031,0.954192497,0.949354716,0.947820197,0.947357491,0.94721919,0.947178087,0.94973377,0.957670317,0.953443703,0.952083481,0.951672541,0.951549316,0.951512554,0.948444786,0.956677131,0.952231261,0.950810183,0.950380953,0.95025237,0.950214053,0.947725326,0.956011912,0.951499661,0.950056382,0.949620753,0.949490308,0.949451457,0.945715698,0.954316277,0.949473481,0.947934539,0.947470071,0.947331122,0.94728979,0.945852321,0.954414033,0.949580776,0.948043998,0.947580067,0.947441244,0.947399939,0.948159179,0.956414627,0.951967433,0.950544187,0.950114586,0.949985928,0.949947602,0.950857963,0.958748418,0.95471767,0.953420262,0.953028449,0.952910992,0.952875952,0.946357876,0.954786335,0.950004088,0.948480371,0.948020084,0.947882254,0.947841212,0.950383944,0.958391387,0.954310393,0.952998881,0.95260304,0.952484441,0.952449082,0.950632907,0.958579242,0.954528343,0.953225909,0.952832719,0.952714897,0.952679762,0.947818025,0.956015985,0.951460895,0.950003947,0.949563725,0.949431817,0.949392505,0.946115471,0.954571339,0.94974359,0.948205191,0.947740395,0.94760119,0.947559734,0.950565369,0.958555749,0.954515071,0.953216781,0.952825011,0.952707659,0.952672678,0.949832047,0.957847112,0.953665243,0.952322755,0.951917466,0.951796043,0.951759847,0.946989704,0.955223766,0.950511464,0.9490052,0.94854983,0.948413347,0.948372667,0.950394734,0.958418943,0.954363443,0.953061194,0.952668329,0.952550681,0.952515622,0.948711262,0.957022187,0.952677281,0.95128818,0.950869084,0.950743619,0.950706253,0.946154638,0.954507602,0.949640922,0.948087883,0.947618213,0.947477431,0.947435473,0.948839547,0.956894184,0.952530299,0.951130694,0.950707956,0.950581282,0.950543522
12,0,0.917528184,0.925149172,0.920966058,0.919642363,0.919243637,0.919124531,0.919089117,0.916092036,0.921559097,0.916772045,0.915197197,0.914718073,0.914573419,0.914529988,0.91108398,0.919959314,0.915046451,0.913523939,0.913070732,0.912936933,0.91289765,0.917395216,0.924790778,0.920534498,0.919181838,0.918773902,0.918651893,0.918615574,0.915431051,0.923423126,0.91897419,0.91757451,0.917154335,0.917029242,0.916992184,0.911626498,0.9193597,0.914322093,0.912728941,0.912251518,0.912109609,0.91206767,0.911874987,0.92033472,0.915435128,0.913905621,0.913448739,0.913313395,0.913273523,0.916691568,0.92249035,0.917888767,0.916382523,0.91592519,0.91578737,0.915746058,0.91383141,0.921927985,0.917235735,0.915761856,0.915319982,0.915188609,0.915149755,0.915952493,0.922080298,0.917432102,0.915919114,0.915460787,0.91532299,0.915281783,0.919289738,0.925313933,0.921133084,0.919770975,0.919357066,0.919232268,0.919194818,0.915310753,0.922872259,0.918300514,0.916851103,0.916414861,0.916284648,0.91624598,0.914957051,0.921537667,0.916815551,0.915290625,0.914830001,0.914691926,0.914650762,0.912802091,0.920726591,0.915825486,0.914281391,0.913818098,0.913680264,0.913639483,0.912713058,0.920578715,0.91565065,0.914096471,0.913629992,0.913491164,0.913450076,0.917533712,0.924258715,0.919914272,0.918516266,0.918093387,0.91796649,0.917928598,0.918108667,0.924140287,0.919842862,0.918441025,0.918015919,0.917887948,0.917849615,0.918377927,0.924744757,0.920508498,0.919136029,0.918720224,0.918595219,0.91855782,0.918238613,0.924353885,0.920100646,0.918715155,0.918295238,0.918168897,0.918131071,0.915640544,0.922794625,0.918196817,0.916728723,0.916285839,0.916153331,0.91611389,0.913154209,0.920710429,0.91576514,0.914197421,0.913725703,0.913584978,0.913543229,0.915848359,0.922901677,0.918324636,0.916860537,0.916418643,0.916286358,0.916246963,0.913366262,0.920831711,0.915894814,0.914327414,0.913855448,0.913714549,0.913672719,0.917699779,0.924276791,0.919979543,0.918592342,0.918172802,0.918046891,0.918009289,0.917097374,0.923818936,0.919429879,0.918017034,0.917590026,0.91746198,0.917423774,0.915390394,0.922444409,0.917784985,0.916294746,0.915844985,0.915710363,0.915670279,0.913374921,0.920639675,0.915683521,0.914103864,0.91362774,0.913485439,0.913443146,0.913285937,0.920593975,0.915603264,0.914014501,0.913535553,0.913392412,0.913349871,0.916910441,0.923537962,0.919175738,0.917766988,0.917341478,0.917213896,0.917175835,0.915879067,0.92277702,0.918189367,0.91671783,0.916273458,0.916140352,0.916100688,0.915165062,0.92209359,0.917437393,0.915942787,0.915491769,0.915356727,0.915316509,0.913465501,0.920660625,0.915664275,0.914070844,0.913590047,0.913446227,0.913403448,0.913584294,0.920743302,0.915756678,0.914165471,0.913685224,0.913541533,0.913498781,0.915534967,0.922444124,0.917854915,0.916381015,0.915936223,0.915803028,0.915763351,0.917962555,0.92457986,0.920419956,0.919076309,0.918670616,0.918549007,0.91851273,0.914026965,0.921063401,0.916129062,0.914551329,0.914074838,0.91393217,0.913889689,0.917524681,0.924247416,0.920035821,0.918677573,0.918267711,0.918144921,0.918108314,0.9177985,0.924467913,0.920287473,0.918938687,0.918531588,0.918409607,0.918373234,0.915336601,0.922180154,0.917479834,0.915971187,0.915515448,0.915378904,0.915338211,0.913736596,0.920790658,0.915809056,0.914216002,0.913734809,0.913590707,0.913547795,0.91775393,0.924467371,0.920297659,0.918953197,0.918547577,0.918426087,0.918389874,0.917132079,0.923849264,0.91953394,0.918143766,0.917724169,0.917598471,0.917561002,0.914579499,0.921433946,0.916571337,0.915011612,0.914540189,0.914398909,0.914356801,0.917624434,0.924368367,0.920183532,0.918835011,0.91842827,0.918306478,0.918270184,0.916016411,0.9229998,0.918516189,0.91707763,0.916643708,0.916513816,0.916475133,0.913758199,0.920706497,0.915684375,0.914076113,0.91358986,0.913444122,0.913400689,0.916265014,0.922992812,0.91848974,0.917040467,0.916602823,0.916471695,0.916432608
13,0,0.928087685,0.936246375,0.93199974,0.930690715,0.930296305,0.930178502,0.930143476,0.926598877,0.932774512,0.927934646,0.926377855,0.925904258,0.925761285,0.925718359,0.922622949,0.932202255,0.927238302,0.925734736,0.925287167,0.925155045,0.925116254,0.927948452,0.935894357,0.931575505,0.930237846,0.929834346,0.929713677,0.929677757,0.926305802,0.934884312,0.930375762,0.928992155,0.928576737,0.928453073,0.928416439,0.922964601,0.931447219,0.926361118,0.924787692,0.924316218,0.92417609,0.924134677,0.92325973,0.932410519,0.927459008,0.925948231,0.925496941,0.925363265,0.925323884,0.927159414,0.933637069,0.92898004,0.927490922,0.927038791,0.926902552,0.926861713,0.924922638,0.933651988,0.928903774,0.927447276,0.92701058,0.926880758,0.926842363,0.92655169,0.933369231,0.928666458,0.927170916,0.926717879,0.926581684,0.926540957,0.929456868,0.936045749,0.931802052,0.930454608,0.930045084,0.929921621,0.929884573,0.926154602,0.934321305,0.929691516,0.928258736,0.927827455,0.927698735,0.92766051,0.925730507,0.933012411,0.928236803,0.926729766,0.926274553,0.926138113,0.926097436,0.923997797,0.932598238,0.92764439,0.92611882,0.925661084,0.925524916,0.925484627,0.923911138,0.932459221,0.927478848,0.925943347,0.925482477,0.92534533,0.92530474,0.92801218,0.935316086,0.930910834,0.929528311,0.929110056,0.92898456,0.928947086,0.928431765,0.935089334,0.930732187,0.929345938,0.928925515,0.928798967,0.928761061,0.92871625,0.935662803,0.931364934,0.930007524,0.929596217,0.929472578,0.929435587,0.928559142,0.935292508,0.930978982,0.929608871,0.929193565,0.929068625,0.929031219,0.926404881,0.934170298,0.929514909,0.928063553,0.927625686,0.927494691,0.927455701,0.924253524,0.93248598,0.927488158,0.925939078,0.925472975,0.925333937,0.925292689,0.926579236,0.934242644,0.929607842,0.928160387,0.927723483,0.927592706,0.927553758,0.924428477,0.932564588,0.927574869,0.926026014,0.925559639,0.925420421,0.925379089,0.928159971,0.935327185,0.930969342,0.929597553,0.929182617,0.929058102,0.929020917,0.927648734,0.934966366,0.930517661,0.92912063,0.928698352,0.928571737,0.928533959,0.926179319,0.933855784,0.929139723,0.927666542,0.927221907,0.927088831,0.927049207,0.924393051,0.932352061,0.927343864,0.925782979,0.925312527,0.925171933,0.925130148,0.9243267,0.932317239,0.927274441,0.925704495,0.925231235,0.925089806,0.925047774,0.92744414,0.934716442,0.930295632,0.928902929,0.928482225,0.928356097,0.928318469,0.926600431,0.934115757,0.929470804,0.928016012,0.927576669,0.927445082,0.927405871,0.925923152,0.933527218,0.928815691,0.927338493,0.926892714,0.926759254,0.926719507,0.924468887,0.932341958,0.927293377,0.925718727,0.925243612,0.925101504,0.925059234,0.924572525,0.932404847,0.927365779,0.925793276,0.925318688,0.925176703,0.925134458,0.926245104,0.933821751,0.929176359,0.927719541,0.927279883,0.927148238,0.927109023,0.92840631,0.935629374,0.931408385,0.930079794,0.929678582,0.92955833,0.929522457,0.924959001,0.932656269,0.927668723,0.926109386,0.92563846,0.92549747,0.925455489,0.928012097,0.935358555,0.931086628,0.929743744,0.929338458,0.929217053,0.929180858,0.928279168,0.935552345,0.931311031,0.929977382,0.929574789,0.929454172,0.929418206,0.926120193,0.933596952,0.928840833,0.927349484,0.926898957,0.926763987,0.926723764,0.924665821,0.932403315,0.927369285,0.925794945,0.925319419,0.925177027,0.925134623,0.928247778,0.935566945,0.931336354,0.930007015,0.929605894,0.929485765,0.929449957,0.92771045,0.935035966,0.930661117,0.929286632,0.928871722,0.928747441,0.928710394,0.925438398,0.932943693,0.928027078,0.926485388,0.926019421,0.925879789,0.925838171,0.928144032,0.935494604,0.931249098,0.929915776,0.929513558,0.929393132,0.929357247,0.926673344,0.934309472,0.929768254,0.928346261,0.927917301,0.927788906,0.927750669,0.924675886,0.932301958,0.927227606,0.925638155,0.925157609,0.925013594,0.924970674,0.926948136,0.934297593,0.929736953,0.928304169,0.927871475,0.927741843,0.927703202
